"name","abd","abd_unit","lat","lng","state","county","comment"
"Mammuthus","14","14",71.0,147.5,"Yakutia","","on the left bank of the Achchygyi Allaikha River, a left hand tributary of the Indigirka River"
"Mammuthus","","",18.616667,-97.900002,"Puebla","","""one kilometer east of Road 455 that connects La Colorada and Tepexi de Rodriquez. On the southern bank of the Rio Axamilpa..."""
"Mammuthus","","",43.0,-118.0,"Idaho","Owyhee","SW side of Jackass Butte, near Grand View"
"Mammuthus","","",37.047699,-100.495201,"Kansas","Meade","""SE1/4SE1/4 sec. 32, T. 34 S., R. 29 W., XI Ranch, Meade County"""
"Mammuthus columbi","","",40.200001,-98.099998,"Nebraska","Nuckolls",""
"Mammuthus columbi","","",37.099998,-100.900002,"Kansas","Seward","1.5 mi E of Arkalon Station"
"Mammuthus columbi","","",36.799999,-100.5,"Oklahoma","Beaver","4.5 mi N and 1 mi W of Gate"
"Mammuthus","","",43.799999,-99.199997,"South Dakota","Brule",""
"Mammuthus","","",32.900002,-117.099998,"California","San Diego",""
"Mammuthus columbi","","",35.0,-101.900002,"Texas","Randall","Newton Harrell/Bill Howse Ranch, 8 km S and 18 km E of Canyon"
"Mammuthus","","",33.900002,-117.0,"California","Riverside",""
"Mammuthus","","",33.900002,-117.0,"California","Riverside",""
"Mammuthus","","",33.900002,-117.0,"California","Riverside",""
"Mammuthus","","",33.900002,-117.0,"California","Riverside",""
"Mammuthus","","",33.900002,-117.0,"California","Riverside",""
"Mammuthus","","",33.900002,-117.0,"California","Riverside",""
"Mammuthus","","",34.799999,-117.0,"California","San Bernardino",""
"Mammuthus","37","37",34.799999,-117.0,"California","San Bernardino","E of Yermo"
"Mammuthus hayi","","",21.799999,-102.300003,"Aguascalientes","","SE of Aguascalientes"
"Mammuthus","","",34.5,-100.099998,"Texas","Childress","15 km NW of Childress"
"Mammuthus","","",28.799168,-82.070274,"Florida","Sumter","Dixie Lime and Stone Corporation's Coleman II mine, near Coleman, Sumter County, Florida (SE 1/4, NW 1/4, Sec. 7, T 20 S, R 23 E"""
"Mammuthus columbi","","",37.200001,-100.300003,"Kansas","Meade",""
"Mammuthus","","",64.800003,-147.800003,"Alaska","Fairbanks North Star","Fairbanks<br>county assignment uncertain"
"Mammuthus","","",37.200001,-100.300003,"Kansas","Meade",""
"Mammuthus","","",36.700001,-99.900002,"Oklahoma","Harper","9 mi W of Buffalo"
"Mammuthus columbi","","",46.400002,-105.800003,"Montana","Custer","north of Miles City"
"Mammuthus","","",52.206112,-106.576942,"Saskatchewan","","""near the southeast corner of section 25, township 37, range 5, W. 3rd. Meridian. This is 3 miles north of Sutherland railway station and 6 miles northeast of the center of Saskatoon"" in ""a low, rounded hill rising about 15 feet above the surrounding prairie level"""
"Mammuthus columbi","","",34.0,-99.800003,"Texas","Foard",""
"Mammuthus columbi","","",31.700001,-114.5,"Sonora","","mouth of Colorado River"
"Mammuthus columbi","","",33.599998,-117.800003,"California","Orange","Ralph Clark Regional Park, Fullerton"
"Mammuthus","","",34.799999,-117.0,"California","San Bernardino","Victorville"
"Mammuthus","","",37.056667,-120.195831,"California","Madera","south of Chowchilla; 34 Miles north of Fresno"
"Mammuthus columbi","","",35.5,-106.199997,"New Mexico","Santa Fe","1 mi SW of Galisteo"
"Mammuthus hayi","","",33.75,-99.5,"Texas","Knox and Baylor",""
"Mammuthus hayi","","",43.0,-115.699997,"Idaho","Elmore","2 mi SE of Glenns Ferry"
"Mammuthus","","",64.800003,-147.800003,"Alaska","Fairbanks North Star","Fairbanks<br>county assignment uncertain"
"Mammuthus columbi","","",42.700001,-102.5,"Nebraska","Sheridan",""
"Mammuthus columbi","","",38.299999,-97.599998,"Kansas","McPherson",""
"Mammuthus columbi","","",48.799999,-110.0,"Montana","Hill","Havre"
"Mammuthus columbi","","",42.700001,-102.5,"Nebraska","Sheridan",""
"Mammuthus","","",40.599998,-98.5,"Nebraska","Adams",""
"Mammuthus","","",40.5,-98.099998,"Nebraska","Clay","junction of Highway 74 and S-18E"
"Mammuthus hayi","","",34.400002,-98.900002,"Oklahoma","Tillman","1 mi N of Frederick"
"Mammuthus columbi","","",32.900002,-117.099998,"California","San Diego",""
"Mammuthus columbi","","",37.529999,-121.959999,"California","Alameda",""
"Mammuthus columbi","","",38.700001,-98.099998,"Kansas","Ellsworth",""
"Mammuthus hayi","","",32.0,-106.699997,"New Mexico","Dona Ana","north of Las Cruces, Mesilla Basin"
"Mammuthus hayi","","",32.0,-106.699997,"New Mexico","Dona Ana",""
"Mammuthus hayi","","",27.700001,-82.5,"Florida","Hillsborough","7 km SW of Ruskin"
"Mammuthus","","",27.700001,-82.5,"Florida","Hillsborough",""
"Mammuthus","","",27.700001,-82.5,"Florida","Hillsborough",""
"Mammuthus columbi","","",32.900002,-117.099998,"California","San Diego","Borrego Badlands<br>county assignment uncertain"
"Mammuthus hayi","","",32.900002,-117.099998,"California","San Diego","Borrego Badlands<br>county assignment uncertain"
"Mammuthus","","",34.5,-101.300003,"Texas","Briscoe",""
"Mammuthus columbi","","",34.5,-101.300003,"Texas","Briscoe",""
"Mammuthus columbi","","",50.099998,-110.699997,"Alberta","",""
"Mammuthus columbi","","",34.0,-99.800003,"Texas","Foard",""
"Mammuthus","","",40.799999,-124.199997,"California","Humboldt","near Eureka"
"Mammuthus","","",65.099998,-150.100006,"Alaska","Yukon-Koyukuk",""
"Mammuthus hayi","","",68.199997,-140.0,"Yukon","",""
"Mammuthus","","",68.199997,-140.0,"Yukon","",""
"Mammuthus","","",68.199997,-140.0,"Yukon","",""
"Mammuthus","","",68.199997,-140.0,"Yukon","",""
"Mammuthus columbi","","",27.799999,-82.800003,"Florida","Pinellas","1 km NE of Safety Harbor"
"Mammuthus","","",27.799999,-82.800003,"Florida","Pinellas",""
"Mammuthus columbi","","",33.900002,-117.0,"California","Riverside",""
"Mammuthus hayi","","",33.900002,-117.0,"California","Riverside",""
"Mammuthus hayi","","",27.9,-81.800003,"Florida","Polk",""
"Mammuthus hayi","","",26.9,-82.0,"Florida","Charlotte","Alligator Creek"
"Mammuthus","","",33.900002,-117.0,"California","Riverside",""
"Mammuthus","","",29.1,-82.300003,"Florida","Marion","1.3 km SE of Reddick"
"Mammuthus","","",29.683332,-109.650002,"Sonora","","""along the Río Moctezume... between San Clemente de Terapa and El Llano, 13 km south of Moctezuma""; fossils are from ""approximately 20 sublocalities"""
"Mammuthus hayi","","",34.5,-101.300003,"Texas","Briscoe",""
"Mammuthus columbi","","",42.700001,-102.5,"Nebraska","Sheridan",""
"Mammuthus columbi","","",38.299999,-97.599998,"Kansas","McPherson",""
"Mammuthus","","",33.5,-108.800003,"New Mexico","Catron",""
"Mammuthus","","",29.700001,-82.599998,"Florida","Gilchrist",""
"Mammuthus columbi","1","1",33.900002,-117.0,"California","Riverside",""
"Mammuthus columbi","","",36.099998,-117.900002,"California","Inyo","W of Tecopa and Tecopa Hot Springs"
"Mammuthus columbi","","",33.700001,-101.900002,"Texas","Lubbock","Yellowhouse Canyon, 7.6 km NE of Slaton"
"Mammuthus columbi","","",34.0,-99.800003,"Texas","Foard",""
"Mammuthus columbi","","",35.799999,-110.099998,"Arizona","Navajo","0.15 km N of Taylor, W of Arizona Highway 77"
"Mammuthus","","",36.0,-116.25,"California","Inyo","W of Tecopa and Tecopa Hot Springs\nmultiple collections from ""a restricted area in the southeastern portion of the basin"" that is shown on a map (Whistler and Webb 2005)"
"Mammuthus","","",34.799999,-117.0,"California","San Bernardino","Victorville"
"Mammuthus hayi","","",37.700001,-122.5,"California","San Mateo","near San Francisco"
"Mammuthus primigenius","","",47.200001,-111.0,"Montana","Cascade","north of Fort Peck"
"Mammuthus hayi","","",35.099998,-106.800003,"New Mexico","Bernalillo",""
"Mammuthus","","",35.099998,-106.800003,"New Mexico","Bernalillo",""
"Mammuthus columbi","","",35.099998,-106.800003,"New Mexico","Bernalillo",""
"Mammuthus","","",38.900002,-98.800003,"Kansas","Russell","Smoky Hill River"
"Mammuthus","","",42.0,-96.0,"Iowa","Monona",""
"Mammuthus","","",34.799999,-117.0,"California","San Bernardino","Victorville"
"Mammuthus hayi","","",50.700001,-107.900002,"Saskatchewan","","coordinates provided by Harington 1978"
"Mammuthus columbi","","",35.0,-101.900002,"Texas","Randall","Newton Harrell/Bill Howse Ranch, 6.4 km S and 19 km E of Canyon"
"Mammuthus columbi","","",42.799999,-112.900002,"Idaho","Power",""
"Mammuthus","","",50.900002,-110.199997,"Alberta","","Red Deer River"
"Mammuthus primigenius","","",56.5,-94.199997,"Manitoba","","Limestone River, Hudson Bay Lowland"
"Mammuthus","","",27.5,-82.5,"Florida","Manatee",""
"Mammuthus columbi","","",27.5,-82.5,"Florida","Manatee","Bradenton"
"Mammuthus columbi","","",34.0,-118.199997,"California","Los Angeles","Rolling Hills Estates"
"Mammuthus","","",32.799999,-96.599998,"Texas","Dallas",""
"Mammuthus columbi","","",50.799999,-103.900002,"Saskatchewan","",""
"Mammuthus columbi","","",31.916668,-81.066666,"Georgia","Chatham","shown on map as being about 1 km NW of Jones Girls, so coordinate for that collection is used\n""southwestern end of Skidaway Island"""
"Mammuthus columbi","5","5",32.799999,-95.900002,"Texas","Rains","8 km SSW of Point"
"Mammuthus columbi","","",37.200001,-100.300003,"Kansas","Meade","Big Springs Ranch"
"Mammuthus columbi","","",38.035,-122.275002,"California","Contra Costa","San Pablo Bay"
"Mammuthus","1","1",42.799999,-112.900002,"Idaho","Power","beneath Interstate 86, near Massacre Rocks State Park"
"Mammuthus columbi","1","1",32.0,-81.099998,"Georgia","Chatham","no details given"
"Mammuthus columbi","","",50.099998,-110.699997,"Alberta","",""
"Mammuthus columbi","","",37.299999,-105.0,"Colorado","Las Animas","Donnelly Ranch"
"Mammuthus","","",44.983334,-108.199997,"Wyoming","Big Horn","""NW 1/4, SE 1/4, sec #28, T58N, R94W... a 26 m deep sinkhole"" with a ""4.6 m-diameter"" (NW 1/4 SW 1/4 according to Martin et al. 1977)"
"Mammuthus primigenius","","",68.199997,-140.0,"Yukon","","Unit 2"
"Mammuthus","","",68.199997,-140.0,"Yukon","",""
"Mammuthus","","",29.799999,-82.099998,"Florida","Alachua",""
"Mammuthus","2","2",29.4,-111.0,"Sonora","","Rio Santo Domingo, 33 km NNE of Hermosillo"
"Mammuthus","","",28.716667,-81.449997,"Florida","Orange","6 km S of Mt. Plymouth\n""6 miles north of Apopka, Orange County... north-central portion of section 15, T. 20 S., R. 28 E... from Rock Spring Run within 200 yards of the source"" according to Woolfenden 1959 (coordinate based on Rock Springs Run)"
"Mammuthus columbi","","",38.035,-122.275002,"California","Contra Costa","San Pablo Bay"
"Mammuthus","","",33.749443,-118.278893,"California","Los Angeles",""
"Mammuthus","","",52.099998,-106.699997,"Saskatchewan","","South Saskatchewan River"
"Mammuthus columbi","","",40.900002,-111.199997,"Utah","Summit","5 mi N of Park City"
"Mammuthus","","",38.599998,-121.5,"California","Sacramento","Sacramento"
"Mammuthus","","",29.4,-82.599998,"Florida","Levy",""
"Mammuthus","","",28.799999,-82.199997,"Florida","Citrus",""
"Mammuthus","","",11.1361,40.583302,"","","lat/long assigned to middle of map of collecting localities, includes localities from the Sidi Hakoma member without geographic location and/or provenience, loc. may be broken down in future with more geographic information"
"Mammuthus","","",11.1333,40.583302,"","","lat/long assigned to middle of map (arbitrary), includes all localities from Denen Dora that do not have specific geographic coordinates and provenience, this loc. may be broken down in the future with more information"
"Mammuthus","","",10.6167,40.583302,"","","Latitude and longitude assigned from Kalaloo. Strata overlie the gastropod limestone between Kalaoo and Bodo streams."
"Mammuthus","","",10.625,40.541698,"","","On the east side of the Awash Rier in NW Haraghe Province."
"Mammuthus","","",10.4667,40.5,"","","Lat/long assigned from Beearyada."
"Mammuthus","","",10.4667,40.5,"","","Lat/long assigned from Beearyada."
"Mammuthus","","",1.5,31.0,"","","Lat/long assigned from center of Kaiso-Nkondo area"
"Mammuthus","","",10.4333,40.416698,"","","Lat/long assigned from Kuseralee"
"Mammuthus","","",-32.976002,18.15,"","","""SW Cape province, ~105 km NNW of Cape Town"""
"Mammuthus","","",-32.976002,18.15,"","","""SW Cape province, ~105 km NNW of Cape Town"""
"Mammuthus","","",-32.976002,18.15,"","","""SW Cape province, ~105 km NNW of Cape Town"""
"Mammuthus","","",-32.976002,18.15,"","","""SW Cape province, ~105 km NNW of Cape Town"""
"Mammuthus","","",-10.167,34.0,"","","Lat/lg assig 1/2way bet Karongo&Uraha"
"Mammuthus","","",-10.333,34.166698,"","","Lat/lg assig fr Uraha Hill;rep 49 surr sites"
"Mammuthus trogontherii","","",50.983299,11.3833,"Thuringia","",""
"Mammuthus","1","1",11.1306,40.573601,"","","lat/long obtained from grid overlain on map, 33m2 excavation, major hominid site where ""First Family"" was found"
"Mammuthus","5","5",10.479,40.599998,"","","Smaal wadi in NW Haraghe Province, 37 km N of Gewani, 19 km SE of Bodo D'Ar."
"Mammuthus","1","1",10.6167,40.583302,"","","Latitude and longitude assigned from Kalaloo. Strata overlie the gastropod limestone between Kalaoo and Bodo streams."
"Mammuthus","1","1",10.4333,40.416698,"","",""
"Mammuthus","1","1",-32.976002,18.15,"","","""SW Cape province, ~105 km NNW of Cape Town"""
"Mammuthus","1","1",1.5,31.0,"","","Kaiso-Nkondo area"
"Mammuthus primigenius","4","4",52.716599,-2.7333,"England","",""
"Mammuthus","","",26.500278,-81.199997,"Florida","Hendry","from a ""cow-pond on a large ranch in central Hendry County"""
"Mammuthus meridionalis","","",46.966667,22.033333,"","Bihor","on the southern slope of Somleu Hill, near the village of Betfia (county Bihor)."
"Mammuthus trogontherii","","",46.966667,22.033333,"","Bihor","On the southern slope of Somleu Hill, near the village of Betfia (county Bihor)."
"Mammuthus","","",38.349998,69.966667,"","","""the Lakhuti Outcrop is situated north-east of Kuliab, on the right bank of the Obimasar river, near Lakhuti village"". Thre Lakhuti 2 localities are at the mouth od the Khoshar brook, a tributary of teh Obimasar. Lakhuti 2 main is along the brook on the left bank. "
"Mammuthus trogontherii","","",35.133331,36.75,"","","near el-Latamne village in the middle course of the Orontes river valley, 39km north of Hama."
"Mammuthus columbi","","",27.638332,-80.397499,"Florida","Indian River","Vero, on the Atlantic Coast, Florida."
"Mammuthus columbi","","",42.1189,-101.186203,"Nebraska","Cherry","within small side canyon on N side of North Branch of Middle Loup River, Sec. 18, T25N, R33W, Cherry Co., Nebraska. About 12 miles NW of Mullen, NE."
"Mammuthus columbi","","",42.1189,-101.186203,"Nebraska","Cherry","within small side canyon on N side of North Branch of Middle Loup River, Sec. 18, T25N, R33W, Cherry Co., Nebraska. About 12 miles NW of Mullen, NE."
"Mammuthus","","",45.0,79.0,"","",""
"Mammuthus meridionalis","","",41.0,69.0,"","","C2 formation, Kairakkum section, western Fergana depression, Uzbekistan."
"Mammuthus","","",38.310833,69.666946,"","","18km northeast of Baldzhuan (on which the co-ordinates are based) in the River Kuruksai Valley, Afgahn-Tadzhik Depression, southeastern Tadjikistan."
"Mammuthus trogontherii","","",44.0,78.0,"","","Tepke Mountain, Northern Kyrgyzstan"
"Mammuthus meridionalis","174","174",48.450001,1.5,"","Chartres","Left bank of the River Eure, 6km north of Chartres."
"Mammuthus primigenius","","",51.966667,7.616667,"North Rhine","","found in the Hullern Cave by Westfalen"
"Mammuthus meridionalis","","",39.366669,22.945833,"Thessaly","","Co-ordinate based on the town of Volos, the site is to the west, slightly further inland. "
"Mammuthus","1","1",31.6078,120.688904,"Shandong","Weixian","near Wujiacun village, Weixian district, Shandong province, China."
"Mammuthus meridionalis","","",37.983334,21.799999,"Macedonia","","Exact location of site is not stated, but is near the town of Grevena, on which the co-ordinates are based."
"Mammuthus meridionalis","","",37.983334,21.799999,"Macedonia","","Near the town of Grevena on which the co-ordinates are based"
"Mammuthus meridionalis","","",37.983334,21.799999,"Macedonia","","co-ordinate based on the town of Grevena."
"Mammuthus meridionalis","","",37.400002,22.133333,"Peloponnisos","",""
"Mammuthus meridionalis","","",40.083332,21.416668,"Macedonia","","Co-ordinates based on the town of Grevena."
"Mammuthus meridionalis","","",40.083332,21.416668,"Macedonia","","Co-ordinates based on the town of Grevena."
"Mammuthus","2","2",42.352501,-3.518889,"Castilla-Leon","","Sites are in the Sierra de Atapuerca, 14 km east of the city of Burgos, Northern Spain."
"Mammuthus meridionalis","","",37.716667,-2.466667,"Granada","Orce","co-ordinates based on the town of Orce, which is slightly to the south west of the site."
"Mammuthus meridionalis","","",37.616669,-0.866667,"Murcia","Cartagena","co-ordinate based on the nearby town of La Union. Site located in the San Gines of the Jara mountains."
"Mammuthus meridionalis","","",37.716667,-2.466667,"Granada","","co-ordinates based on the town of Orce, some 5km to the west."
"Mammuthus trogontherii","","",37.583332,-2.566667,"Granada","","Co-ordinates based on the village of Cullar Baza, which is 1km northwest of the site."
"Mammuthus meridionalis","5","5",37.416668,-3.25,"Andalucia","","In the western margin of the Guadix-Baza basin, 1km to the left of the road leading from Huelago to the railway station."
"Mammuthus","","",45.866669,18.450001,"Barany","","On the northside of a quarry between the village of Villany and the railway station. Co-ordinates based on Villany village."
"Mammuthus meridionalis","12","12",46.966667,18.383333,"Fejer","","the locality is really 'a series of gravel pits dug among houses at the southern end of the village of Kislang' (on which the co-ordinates are based)."
"Mammuthus meridionalis","","",47.25,18.9,"Fejer","","Ercsi is on the river Duna, south of Budapest."
"Mammuthus meridionalis","","",47.0,19.0,"","","There are three towns called Kobanya close to Budapest, it is not known which one is meant so only the degrees have been given (which are the same for all of them)."
"Mammuthus meridionalis","","",47.900002,18.417,"","","in the NW part of the Hronska pahorkatina upland, about 2 km SSE of the Village Strekov"
"Mammuthus trogontherii","4","4",47.599998,19.016666,"Budapest","","'Uromhegy, on the outskirts of Budapest (co-ordinates based on the village of Urom), rises to about 175-180m a.s.l., and a limestone table about 1,200m long and ca. 600m wide is deposited on the eroded surface of Middle Oligocene Kiscell clay.' (Originally in Hungarian by Schreter (1953), translated into English by Janossy (1986)). The material was collected from 'the last of the northeasterly series of small quarries established in the lime mud layer.'"
"Mammuthus meridionalis","","",48.900002,10.116667,"Baden-Wurttemberg","","near Aalen"
"Mammuthus trogontherii","","",49.400002,16.799999,"","","near Holstejn"
"Mammuthus trogontherii","1","1",50.466667,7.466667,"Rheinland-Pfalz","","The southwestern edge of the Neuwied Basin."
"Mammuthus meridionalis","7","7",50.466667,7.466667,"Rheinland-Pfalz","","in the southwestern Neuwied Basin."
"Mammuthus trogontherii","1","1",51.400002,11.316667,"Sachsen-Anhalt","",""
"Mammuthus meridionalis","","",51.400002,11.316667,"Sachsen-Anhalt","",""
"Mammuthus trogontherii","","",51.400002,11.316667,"Sachsen-Anhalt","",""
"Mammuthus trogontherii","","",49.933334,14.083333,"","",""
"Mammuthus trogontherii","","",50.183334,14.583333,"","","25km east of Prague, on the left bank of the River Elbe."
"Mammuthus meridionalis","1","1",32.683334,35.566666,"","Kinnarot Valley","Co-ordinate based on the nearest village which is Kibbutz Beit Zera. Site is south of Lake Galilee (= Lake Kinneret), in the Jordan Valley."
"Mammuthus","","",29.0,80.0,"","","Siwalik mountain range"
"Mammuthus","","",30.75,76.800003,"","","80 kilometers North-West of the town Chandigarh"
"Mammuthus trogontherii","25","25",38.279167,31.913889,"","","'nearly directly south and 5.5km distant from the eponymous village. The village is 17km north-northwest of Ilgin (1030m) (on which the co-ordinates are based), and Ilgin is 54km northwest of Konya town in southern Anatolia.'"
"Mammuthus meridionalis","","",39.776669,30.520555,"","","A series of now disused quarries some 10-20kms west of Eskisehir town (on which the co-ordinates are based)."
"Mammuthus","","",39.776669,30.520555,"","","A series of now disused quarries some 10-20kms west of Eskisehir town (on which the co-ordinates are based)."
"Mammuthus meridionalis","","",44.416668,24.183332,"Wallachia Region","Olt county","8 km WNW from the village of Izvoru, on a surface of 12 sq. m."
"Mammuthus","","",45.566666,28.033333,"","","Near the southern part of the Romania - Moldova border. Co-ordinates based on the town of Tulucesti."
"Mammuthus","","",44.450001,23.433332,"","","Co-ordinates based on the town of Cernatesti. Site is in the Dacic Basin."
"Mammuthus meridionalis","","",44.75,23.916668,"","","Between Tetoiu (on which co-ordinates are based) and Irimesti (9km apart), in the Oltet river valley, in a small valley in the northern portion of a hill named Dealul Tetesului."
"Mammuthus meridionalis","","",44.75,23.916668,"","","Between Tetoiu (on which co-ordinates are based) and Irimesti (9km apart), in the Oltet river valley, on the western slope of a hill named Dealul Viilor. 3km north of Valea Roscai."
"Mammuthus meridionalis","","",44.75,23.916668,"","","Between Tetoiu (on which co-ordinates are based) and Irimesti (9km apart), in the Oltet river valley, in a valley called Valea Graunceanului (also called Valea Tetoi), on the western slope of a hill named Dealul Viilor. 2.5km north of La Pietris."
"Mammuthus meridionalis","","",44.75,23.916668,"","","Between Tetoiu (on which co-ordinates are based) and Irimesti (9km apart), in the Oltet river valley, on the eastern slope of a hill named Dealul Viilor. 1.5km SE of Valea Graunceanului."
"Mammuthus meridionalis","","",44.75,23.916668,"","","Between Tetoiu (=Bugiulesti) (on which co-ordinates are based) and Irimesti (9km apart), in the Oltet river valley, on the western slope of a hill named Dealul Viilor. 2km south of Valea Graunceanului."
"Mammuthus meridionalis","1","1",44.75,23.916668,"","","Between Tetoiu (on which co-ordinates are based) and Irimesti (9km apart), in the Oltet river valley, on the eastern slope of the hill named Dealul Viilor. 0.5km Northeast of Fintina Alortitei."
"Mammuthus meridionalis","","",44.75,23.916668,"","","Between Tetoiu (on which co-ordinates are based) and Irimesti (9km apart), in the Oltet river valley. In the same stratigraphic level as Dealul Viilor."
"Mammuthus meridionalis","","",44.650002,23.933332,"","","Between Tetoiu and Irimesti (on which co-ordinates are based)(towns are 9km apart), in the Oltet river valley, on the western slope of a hill named Dealul Ormoricea. "
"Mammuthus meridionalis","","",44.650002,23.933332,"","","Between Tetoiu and Irimesti (on which co-ordinates are based)(towns are 9km apart), in the Oltet river valley, on the western slope of a hill named Dealul Ormoricea."
"Mammuthus meridionalis","","",44.416668,24.366667,"","","Co-ordinate based on the town of Slatina. "
"Mammuthus meridionalis","","",41.616669,44.041668,"","","The coordinates given are those of the Tsalk Reservoir."
"Mammuthus meridionalis","1","1",44.099998,26.333332,"","","Co-ordinates based on the town of Graeca which is 3.5km from the locality. The locality is at an altitude of 73-75m at the base of the high terrace of the Danube."
"Mammuthus meridionalis","","",44.183334,24.0,"","","Co-ordinates based on the town of Leu, south of Craiova."
"Mammuthus meridionalis","","",45.833332,25.549999,"","","Co-ordinates based on the nearby town of Rotbav which is north of the city of Brasov."
"Mammuthus trogontherii","","",45.833332,25.549999,"","","Co-ordinates based on the town of Rotbav, Baraolt Basin. "
"Mammuthus trogontherii","","",46.416668,23.866667,"","","Co-ordinates based on the town of Feldioara."
"Mammuthus meridionalis","","",45.033333,41.816666,"Stavropol'skaya","","Site is near Stavropol', on which the co-ordinates are based. This is in the northern Causcasus, on the other side of the Caucasus mountains to Georgia."
"Mammuthus meridionalis","","",44.83139,39.211388,"Kouban","","Co-ordinates based on the town of Psekups, Russia."
"Mammuthus","","",41.966667,44.116669,"","","Site is in the south of the country midway between Bathumi and Tblisi, the co-ordinates are based on the town of Gori, which is somewhat north of the site."
"Mammuthus trogontherii","","",41.966667,44.116669,"","","Site is in the south of the country midway between Bathumi and Tblisi, the co-ordinates are based on the town of Gori, which is somewhat north of the site."
"Mammuthus","1","1",54.0,86.666664,"West Siberia","","The site is a Quarry near Krasnobrodsky settlement, in the Kuznetsk Basin. This is roughly halfway between Leninsk-Kuznetskiy and Novokuznetsk, so the co-ordinates given are halfway between these two towns."
"Mammuthus meridionalis","1","1",54.657501,86.25,"West Siberia","","In a Quarry near Mokhovsk settlement, East of the city of Leninsk-Kuznetsky on which the co-ordinates are based."
"Mammuthus trogontherii","1","1",50.0,86.666664,"West Siberia","","The site is a Quarry near Krasnobrodsky settlement, in the Kuznetsk Basin. This is roughly halfway between Leninsk-Kuznetskiy and Novokuznetsk, so the co-ordinates given are halfway between these two towns."
"Mammuthus trogontherii","2","2",50.0,86.666664,"West Siberia","","The site is a Quarry near Starobochaty settlement, in the Kuznetsk Basin. This is to the West of Novosergeevsk, and roughly halfway between Leninsk-Kuznetskiy and Novokuznetsk, so the co-ordinates given are halfway between these two towns."
"Mammuthus trogontherii","1","1",55.333332,86.083336,"West Siberia","","The site is a quarry near Latyshy village, slightly north of the town of Kemerovo, in the Kuznetsk Basin."
"Mammuthus","1","1",50.0,86.666664,"West Siberia","","The site is a Quarry near Starobochaty settlement, in the Kuznetsk Basin. This is roughly halfway between Leninsk-Kuznetskiy and Novokuznetsk, so the co-ordinates given are halfway between these two towns."
"Mammuthus primigenius","","",49.738609,84.271942,"","","Site is at the town of Zyryanovsk, on which the co-ordinates are based."
"Mammuthus meridionalis","","",44.170555,16.261389,"","","The site is at Strmica, on which the co-ordinates are based."
"Mammuthus meridionalis","","",40.216667,-0.916667,"Teruel","","Location at La Puebla de Valverde"
"Mammuthus","1","1",39.0,53.5,"","","In the Palaeo-Amudarya valley, halfway between the settlement Yashan and the Tcheleken Peninsula."
"Mammuthus","","",39.206112,54.590557,"","","On the western slope of the Khuday-Dag Depression. Co-ordinates based on the town of Khuday-Dag."
"Mammuthus trogontherii","","",39.459999,53.426945,"","","Co-ordinates based on the Tcheleken peninsula. The locality is on the north western coast of the peninsula."
"Mammuthus","","",47.236389,39.71389,"Rostovskaya Oblast'","","In the Khapry sand-shingle deposits in the coastal zone of the sea of Azov, near Rostov-on-Don (Rostov-na-Donu), on which the co-ordinates are based."
"Mammuthus","","",43.799999,25.133333,"","","Co-ordinates based on the village of Lisa which is roughly 18km from Ciuperceni, on the western bank of the River Calmati, near the Bulgarian border. The site is a gravel quarry."
"Mammuthus meridionalis","","",37.200001,-3.833333,"Granada","","Co-ordinates based on the village of Lachar. The site is in the middle Genil River, near Granada."
"Mammuthus meridionalis","","",39.246666,-2.064444,"Albacete","","Co-ordinates based on the village of Fuensanta. The site is in a quarry called Loma Taberneros near Fuensanta."
"Mammuthus meridionalis","","",41.783333,15.45,"Foggia","","Midway between Apricena (on which the co-ordinates are based) and Poggio Imperiale, on the western side of the Gargano Peninsula."
"Mammuthus meridionalis","","",41.783333,15.45,"Foggia","","Midway between Apricena (on which the co-ordinates are based) and Poggio Imperiale, on the western side of the Gargano Peninsula."
"Mammuthus meridionalis","","",41.783333,15.45,"Foggia","","Midway between Apricena (on which the co-ordinates are based) and Poggio Imperiale, on the western side of the Gargano Peninsula."
"Mammuthus meridionalis","","",41.783333,15.45,"Foggia","","Midway between Apricena (on which the co-ordinates are based) and Poggio Imperiale, on the western side of the Gargano Peninsula."
"Mammuthus meridionalis","","",41.783333,15.45,"Foggia","","Midway between Apricena (on which the co-ordinates are based) and Poggio Imperiale, on the western side of the Gargano Peninsula."
"Mammuthus meridionalis","","",41.783333,15.45,"Foggia","","Midway between Apricena (on which the co-ordinates are based) and Poggio Imperiale, on the western side of the Gargano Peninsula."
"Mammuthus meridionalis","","",41.783333,15.45,"Foggia","","Midway between Apricena (on which the co-ordinates are based) and Poggio Imperiale, on the western side of the Gargano Peninsula."
"Mammuthus meridionalis","","",44.099998,26.333332,"","","co-ordinates based on Prundu (Fratesti 2), Fratesti 3 is approximately 20km south west of Prundu."
"Mammuthus meridionalis","","",39.150002,-1.666667,"Albacete","","Site near the village of Valdeganga on which the co-ordinates are based. On the south bank of the Rio Jucar."
"Mammuthus meridionalis","3","3",43.933334,3.95,"","","Co-ordinates based on the town of Sauve, on the river Gard."
"Mammuthus meridionalis","1","1",45.166668,3.416667,"Auvergne","","Co-ordinates based on the village of Blassac, approximately 800m from the site. The site is visible from the road RN 585 from Lavoute-Chilhac to Brioude."
"Mammuthus meridionalis","","",43.0,12.25,"","","Co-ordinates based on the Nestore River, near Perugia. The site is a lignite mine to the south of Lake Trasimento, in the Tavernelle Basin."
"Mammuthus chosaricus","5","5",40.549999,14.216667,"Capri Island","","The site is on the East side of Capri Island, some 3km from Sorrento (on mainland Italy). "
"Mammuthus primigenius","","",50.533333,7.3,"Rheinland-Pfalz","","Coordinates are taken from Ariendorf. Ariendorf is close to the Rhine River, between Bad Hönningen and Leubsdorf. Outcrop Southeast of Ariendorf, just above the castle's park. R 25/92300 H 56/99900."
"Mammuthus meridionalis","","",45.416668,11.25,"Verona","","Co-ordinates based on the town of Soave between Verona and Vicenza. "
"Mammuthus trogontherii","","",45.450001,11.0,"Verona","","Site is at the villa di Quinazano in the suburbs of Verona city."
"Mammuthus meridionalis","","",46.016666,11.1,"Verona","Grezzana","Co-ordinates based on the village of Romagnano, the site is near here."
"Mammuthus meridionalis","","",43.616669,11.466667,"Tuscany","","In the Upper Valdarno, near Matassino (on which the co-ordinates are based). Not far north west of Terranova Bracciolini."
"Mammuthus meridionalis","","",45.25,3.516667,"","","Co-ordinates based on the village of Domeyrat (= Seneze)"
"Mammuthus primigenius","","",50.98,11.31,"Thüringen","","Close to Weimar City, Thüringen Province"
"Mammuthus primigenius","","",50.966667,11.349722,"Thüringen","","Thüringen Province, South of Weimar City, Ehringsdorf Village"
"Mammuthus primigenius","","",50.966667,11.349722,"Thüringen","","Thüringen Province, South of Weimar City, Ehringsdorf Village"
"Mammuthus primigenius","","",50.966667,11.349722,"Thüringen","","Thüringen Province, South of Weimar City, Ehringsdorf Village"
"Mammuthus primigenius","","",50.966667,11.349722,"Thüringen","","Thüringen Province, South of Weimar City, Ehringsdorf Village"
"Mammuthus columbi","1","1",20.666668,-103.333336,"Jalisco","","A skeleton of a giant mastodon was discovered some years ago in the valley of Zacualco, a score of miles south of Guadalajara. The lat long is for Guadalajara. (A search produced the town of Zacoalco, approximately 70 km south of Guadalajara, but nothing with the spelling given in the reference.)\nGeographic resolution set to small collection because there is just one skeleton (JA)."
"Mammuthus meridionalis","4","4",45.066666,3.783333,"","","Co-ordinates based on the village of Saint Vidal, near Puy en Velay."
"Mammuthus meridionalis","","",45.166668,4.816667,"Rhone-Alpes","","Co-ordinates based on the village of St. Vallier. Site is North East of the village, 225 above the Rhone Valley. On the Montrebut plateau."
"Mammuthus meridionalis","1","1",45.133331,3.55,"Auvergne","","On Mont Coupet, on which the co-ordinates are based. Near Mazeyrat d'Allier, Haute Loire."
"Mammuthus","","",45.150002,3.45,"Auvergne","","Co-ordinates based on the village of Chilhac."
"Mammuthus meridionalis","","",45.066666,3.866667,"Auvergne","","Co-ordinates based on the nearby village of Polignac."
"Mammuthus","","",45.116669,3.9,"Auvergne","","There are 2 fossil sites at Ceyssaguet, this is Ceyssaguet 1 on the South flank of a volcano called 'La Banaria'. The co-ordinates are based on the town of Lavoute sur Loire."
"Mammuthus trogontherii","","",49.759724,9.980833,"Bayern","","Randersacker, close to Würzburg"
"Mammuthus primigenius","","",69.0,161.0,"Respublika Saha (Jakutija)","","Kolyma fluvial plain, lower reaches"
"Mammuthus primigenius","","",68.75,160.0,"Respublika Saha (Jakutija)","","Right bank of Kolyma between the river mouth of Omolon and Anjuj"
"Mammuthus primigenius","","",68.43,161.0,"Respublika Saha (Jakutija)","","Right bank of Maly Anjuj River"
"Mammuthus","","",70.0,159.300003,"Respublika Saha (Jakutija)","","Right bank of Tschukotschija River, which flows 100 km W of Kolyma River into the Eastsibirian sea "
"Mammuthus meridionalis","1","1",44.485558,1.841667,"Lot","","Co-ordinates based on the village of Cajarc."
"Mammuthus meridionalis","","",45.066666,3.85,"Haute-Loire","","Site is near Sinzelles and Ceyssaguet. Co-ordinates based on the town of Polignac."
"Mammuthus meridionalis","","",50.886112,1.6625,"Pas de Calais","","Co-ordinates based on the town of Wissant on the North Coast of France, near Calais."
"Mammuthus meridionalis","","",50.003887,1.886111,"Pas de Calais","","Co-ordinates based on the town of Abbeville."
"Mammuthus meridionalis","","",38.983334,-3.933333,"Ciudad Real","","In Ciudad Real province, on which the co-ordinates are based."
"Mammuthus meridionalis","","",41.3475,2.043056,"Catalonia","","Co-ordinates based on the village of Sant Boi de Llobregat, near Barcelona."
"Mammuthus meridionalis","","",43.624443,11.480556,"Tuscany","","Co-ordinates based on the village of Matassino, in which the clay pit is based."
"Mammuthus","","",43.666668,10.75,"Pisa","","Co-ordinates based on the small town of Montopoli, lower Val d'Arno, west of Florence. The locality is on a hilltop, a short distance south of Montopoli, to the south of the River Arno. "
"Mammuthus","","",44.228058,10.03,"Tuscany","Lunigiana","Locality is on a road leading to Olivola village (on which the co-ordinates are based), which is on a hilltop to the North East of Aulla, the main town of Lunigiana district."
"Mammuthus","","",43.476112,10.729167,"Tuscany","","Co-ordinates based on the village of Lajatico in northern Tuscany."
"Mammuthus","","",44.800556,8.411667,"Piedmont","","Site is on the Belbo river, co-ordinates based on Castelnuovo Belbo. "
"Mammuthus meridionalis","","",41.742222,13.158889,"Lazio","","Co-ordinates based on the town of Anagni, near the site."
"Mammuthus meridionalis","","",45.133331,3.45,"Auvergne Region","Haute-Loire Departement","near the village of Chilhac"
"Mammuthus trogontherii","","",52.455276,1.731944,"Suffolk","","Co-ordinates based on Pakefield, Kessingland is slightly to the south. The locality is in a sea cliff exposed between the two villages."
"Mammuthus trogontherii","","",52.455276,1.731944,"Suffolk","","Co-ordinates based on Pakefield, Kessingland is slightly to the south. The locality is in a sea cliff exposed between the two villages."
"Mammuthus trogontherii","4","4",52.465,1.743056,"Suffolk","","Co-ordinates based the village of Corton, North of Lowestoft. The locality is in a sea cliff, now covered by sea defences."
"Mammuthus trogontherii","","",52.940556,1.246667,"Norfolk","","Co-ordinates based on the village of West Runton."
"Mammuthus meridionalis","1","1",53.298332,-1.891389,"England","Derbyshire","Co-ordinates given based on the village of Dove Holes. Locality was in the Victory (or Victoria) Quarry, Bibbington, National Grid Reference SK 0792 7695."
"Mammuthus trogontherii","","",50.483334,7.45,"Rheinland-Pfalz","","Central Rhineland, close to the confluence of the Rhine and Moselle. The site is on a small spur of land on the eastern bank of the Nette Stream."
"Mammuthus meridionalis","","",50.066666,8.266667,"Rheinland-Pfalz","",""
"Mammuthus trogontherii","","",50.066666,8.266667,"Rheinland-Pfalz","",""
"Mammuthus trogontherii","2","2",50.466667,7.466667,"Rheinland-Pfalz","","in the southwestern Neuwied Basin."
"Mammuthus trogontherii","","",50.066666,8.266667,"Rheinland-Pfalz","",""
"Mammuthus trogontherii","","",49.349998,9.133333,"Weisbaden","",""
"Mammuthus meridionalis","","",49.166668,8.283333,"Rheinland-Pfalz","",""
"Mammuthus trogontherii","","",49.166668,8.283333,"Rheinland-Pfalz","",""
"Mammuthus trogontherii","","",51.916668,10.15,"Niedersachsen","",""
"Mammuthus trogontherii","","",51.349998,11.1,"Sachsen-Anhalt","",""
"Mammuthus meridionalis","","",43.765556,7.458889,"Alpes Maritimes","","Site is a cave near Roquebrune-cap-Martin on which the co-ordinates have been based."
"Mammuthus","","",35.383331,139.516663,"","","Minato Town, Kimitsu District, Province of Kazusa"
"Mammuthus meridionalis","4","4",42.653332,12.489444,"Umbria","","Torre Picchio Section is on the northern side of a hill 6km from Montecastrilli Village (on which the co-ordinates are based), Terni, Umbria, Central Italy."
"Mammuthus","","",43.148056,141.511108,"Hokkaido","","Nopporo Hills, Ishikari Lowland"
"Mammuthus","","",43.148056,141.511108,"Hokkaido","","Nopporo Hills, Ishikari Lowland"
"Mammuthus hayi","","",27.830278,-80.811386,"Florida","Brevard","SW1/4 of NE1/4 of of section 34, T30S, R35E, Keanansville SE USGS 7.5 minute topographic map"
"Mammuthus columbi","","",43.763889,-84.536667,"Michigan","Midland","two miles east of Coleman in the extreme southwest corner of Sec. 22, T16N, R2W (Warren Twp.), Midland County."
"Mammuthus columbi","1","1",44.302776,-85.326385,"Michigan","Ionia","Sec. 18 T22N R8E"
"Mammuthus columbi","1","1",41.978611,-86.310555,"Michigan","Berrien","near Eu Claire, Berrien Township"
"Mammuthus columbi","1","1",42.96389,-83.919167,"Michigan","Genesee","near Lennon, Clayton Township"
"Mammuthus columbi","1","1",43.684166,-83.068336,"Michigan","Huron","near New Greenleaf, Sheridan Township"
"Mammuthus columbi","1","1",42.592777,-84.269447,"Michigan","Ingham","near Dansville, Ingham Township, Sec. 1, T2N, R1E"
"Mammuthus columbi","1","1",42.387501,-84.121941,"Michigan","Jackson","near Springport, Springport Township, Sec. 3, T1S, R3W"
"Mammuthus columbi","1","1",41.790279,-84.186668,"Michigan","Lenawee","Sec. 9, T8S, R2E"
"Mammuthus primigenius","1","1",42.55389,-83.703056,"Michigan","Livingston","near South Lyon, Brighton Township, T2N, R6E"
"Mammuthus","1","1",42.183887,-84.042221,"Michigan","Washtenaw","Sharon Township, Section 26, T3S, R3E"
"Mammuthus","1","1",44.148609,-84.137222,"Michigan","Arenac","farm pond near Alger in the SE 1/4, NE 1/4, NW 1/4, Sec. 8 T20N, R3E, Moffat Township"
"Mammuthus","1","1",41.764721,-86.581947,"Michigan","Berrien","Two miles southeast of Three Oaks, Three Oaks Township, NE1/4 of section 24, T8S, R20W"
"Mammuthus","1","1",42.486942,-84.748055,"Michigan","Eaton","near Eaton Rapids, on Wilcox Road, Brookfield Township, NW1/4 of Section 11, T1N, R4W"
"Mammuthus","1","1",42.458332,-84.492226,"Michigan","Ingham","three miles west of Leslie, approximately Section 24, T1N, R2W"
"Mammuthus","1","1",42.386112,-84.571114,"Michigan","Jackson","southeast of Eaton Rapids, Tompkins Township in Section 17 T1S, R2W"
"Mammuthus","1","1",43.415001,-84.004997,"Michigan","Saginaw","Saginaw Township, Section 28, T12N, R4E"
"Mammuthus","1","1",42.812222,-84.208611,"Michigan","Shiawassee","near Perry, one mile away Perry Township, Section 22 T5N R2E"
"Mammuthus","1","1",41.878334,-86.618889,"Michigan","Berrien","approximately 1/4 mile east and 1/8 mile north of Harbert, Chikaming Township in the SE1/4 SE1/4 SW1/4 section 10 T7S, R20W"
"Mammuthus","1","1",43.362499,-83.154724,"Michigan","Tuscola","near Marlette, 2 miles north and 3 miles west, Koylton TOWNSHIP, SW1/4 SECTION 22, T11N, R11E"
"Mammuthus","1","1",42.313057,-84.512497,"Michigan","Jackson","six miles northwest of Jackson, Sandstone Township, approximately sec. 11 T2S, R2W"
"Mammuthus","1","1",43.050278,-85.460556,"Michigan","Kent","Se1/4 NE1/4 of sec. 26 T8N, R10W"
"Mammuthus columbi","1","1",42.2075,-86.310837,"Michigan","Berrien","Watervliet Township, Sec. 17, T3S, R17W"
"Mammuthus","1","1",44.077221,-83.696388,"Michigan","Arenac","Sec. 1 T19N R6E"
"Mammuthus","1","1",42.484165,-83.603889,"Michigan","Barry","NW1/4 of Sec. 15 T1N R7W"
"Mammuthus","1","1",41.950279,-86.561386,"Michigan","Berrien","T6S R19W"
"Mammuthus","1","1",41.805557,-86.561943,"Michigan","Berrien","NE1/4 Sec. 6 T8S R19W"
"Mammuthus","1","1",42.12278,-86.341667,"Michigan","Berrien","precise locality unknown"
"Mammuthus","1","1",41.816666,-85.847504,"Michigan","Cass","NW1/4 Sec. 32 T7S R13W"
"Mammuthus","1","1",42.487221,-84.650002,"Michigan","Eaton","Sec. 10 T1N R3W"
"Mammuthus","1","1",42.762779,-84.746109,"Michigan","Eaton","N of Grand Ledge, precise locality unknown"
"Mammuthus","1","1",42.56361,-84.835831,"Michigan","Eaton","precise locality unknown"
"Mammuthus","1","1",43.980556,-84.476112,"Michigan","Gladwin","Sec. 6 T18N, R1W"
"Mammuthus","1","1",43.098057,-84.846664,"Michigan","Ionia","Sec. 12 T8N R5W"
"Mammuthus","1","1",42.380001,-84.349167,"Michigan","Jackson","precise locality unknown"
"Mammuthus","1","1",42.920555,-85.676109,"Michigan","Kent","Sec. 12 T6N R12W"
"Mammuthus","1","1",43.183613,-85.382225,"Michigan","Kent","Sec. 9 T9N R9W"
"Mammuthus","1","1",43.124722,-85.560837,"Michigan","Kent","Sec. 36 T9N R11W"
"Mammuthus","1","1",42.963333,-85.668053,"Michigan","Kent","precise locality unknown"
"Mammuthus","1","1",42.001389,-83.839996,"Michigan","Lenawee","Sec. 33 T5S R5E"
"Mammuthus","1","1",42.761665,-82.90139,"Michigan","Macomb","precise locality unknown"
"Mammuthus","1","1",42.7225,-83.496391,"Michigan","Oakland","Sec. 27, T4N R8E"
"Mammuthus","1","1",42.964722,-86.033607,"Michigan","Ottawa","Sec. 25 T7N R15W"
"Mammuthus","1","1",42.798058,-84.188332,"Michigan","Shiawassee","Sec. 36 T5N R2E"
"Mammuthus","1","1",43.005001,-84.176666,"Michigan","Shiawassee","Sec. 13 T7N R2E"
"Mammuthus","1","1",42.324444,-85.775276,"Michigan","Van Buren","Sec. 1 T2S R13W"
"Mammuthus","1","1",43.027222,-83.527779,"Michigan","Genesee","Sec. 9, T7N, R8E, Richfield Township"
"Mammuthus","1","1",42.106388,-86.040558,"Michigan","Van Buren","Sec. 22 T4S R15W"
"Mammuthus","1","1",42.301945,-84.024445,"Michigan","Washtenaw","Sec. 13 T2S R3E"
"Mammuthus","","",42.805592,141.537384,"Hokkaido","",""
"Mammuthus columbi","","",32.559166,-80.292503,"South Carolina","",""
"Mammuthus","","",39.0,-74.166664,"New Jersey","","Loran readings are between E-W 42792-42797 and 26855-26857 N-S diagonals"
"Mammuthus","","",35.341389,-120.161942,"California","San Luis Obispo","Carrizo Plains"
"Mammuthus","","",35.51889,-120.522781,"California","San Luis Obispo",""
"Mammuthus","","",35.207222,-120.451942,"California","San Luis Obispo",""
"Mammuthus","","",35.028889,-120.496109,"California","San Luis Obispo",""
"Mammuthus","","",35.585556,-120.691109,"California","San Luis Obispo","Salinas River Valley"
"Mammuthus","","",35.752499,-120.695274,"California","San Luis Obispo",""
"Mammuthus meridionalis","","",51.62278,3.879167,"","",""
"Mammuthus meridionalis","","",52.311943,1.399444,"","",""
"Mammuthus columbi","","",36.116669,-98.633331,"Oklahoma","Blaine","""on the shore of Canton Lake... T19N, R13W, sec. 18... at the base of a bank, 2 m high, that was eroded to a vertical face."""""
"Mammuthus","","",47.766666,107.283333,"","","""47ºN, 107ºE... upstream in the valley of Tola, 10 km from Ulan Bator"" (coordinate based on town of Nalaikha)"
"Mammuthus","","",10.3167,40.25,"","","Latitude and logitude assigned from Asa Koma, Adu-Asa fm. is exposed in SW valley between 725-825 m a.s.l. and in the Central Awash Complex between ~640-660 m a.s.l."
"Mammuthus","","",23.816668,-100.716667,"San Luis Potosi","","elevation 1700 m; ""on the outskirts"" of El Cedral"
"Mammuthus","","",19.033333,-98.783333,"Mexico","","north of the Cerro Chimalhuaque; elevation 2239 m"
"Mammuthus","","",19.033333,-98.783333,"Mexico","","north of the Cerro Chimalhuaque; elevation 2239 m"
"Mammuthus","","",19.416668,-98.933334,"Mexico","","North of the Cerro Chimalhuaque; elevation 2239 m. It is situated at 19 25' N, 98 56' W, about 20 km east of the Zócalo in Mexico, D.F. About 2.5 km southwest of the settlement is the Cerro Chimalhuacán, a small extinct volcano that was an island during a higher stage of Lake Texcoco when the fossils were deposited. The present shore of the lake lies about 8 km to the north. "
"Mammuthus columbi","","",37.483334,-100.666664,"Kansas","Meade","""The specimen was taken on a tributary of Shorts Creek... known locally as Lone Tree Arroyo... located on the XI Ranch in T34S, R29W, Sec. 32"" (Rinker 1949)"
"Mammuthus","1","1",69.583336,-139.083328,"Yukon","","Herschel Island, southwestern part"
"Mammuthus primigenius","1","1",69.583336,-139.083328,"Yukon","","Herschel Island, southwestern part"
"Mammuthus","1","1",74.300003,-123.083336,"Nunavut","","Banks Island"
"Mammuthus","1","1",69.474998,-135.625,"Nunavut","",""
"Mammuthus","1","1",68.466667,-96.51667,"Nunavut","",""
"Mammuthus","","",37.866669,-84.75,"Kentucky","Woodford",""
"Mammuthus columbi","1","1",36.799999,-100.683334,"Oklahoma","Beaver","""NW1/4, S22, T4N, R22E... just within the boundary of the Beaver Creek State Wildlife Management Area, on the north side of the creek [Elm Creek], and just past a large protected prairie dog town"""
"Mammuthus primigenius","","",36.266666,-83.133331,"Tennessee","Hamblen","coordinate based on Whitesburg"
"Mammuthus","","",35.616669,-87.033333,"Tennessee","Maury","coordinate based on Columbia"
"Mammuthus","","",32.383331,-100.866669,"Texas","Mitchell","""a point near the Colorado River, near the southeastern end of the Staked Plains, and near the little town of Colorado [City], Texas, on Lone Wolf Creek"" (coordinate based on Lone Wolf Creek)"
"Mammuthus","1","1",63.073055,-139.312775,"Yukon","","""at Eddas Bench, on Thistle Creek"""
"Mammuthus columbi","","",30.333332,-110.166664,"Sonora","","""one mile east of Arizpe, 60 miles southeast of Cananea, Sonora"" (coordinate based on Arizpe)"
"Mammuthus columbi","1","1",39.583332,-111.25,"Utah","Sanpete","""SW1/4, NE1/4, SW1/4, Sec. 21, T14S, R6E... elevation 2,740 m, at Huntington Dam at the confluence of Spring and Lake Canyon Creeks in the upper reaches of Huntington Canyon"""
"Mammuthus","","",24.6,-99.216667,"Tamaulipas","","""Lands of Ejido San Lázaro in the Municipio de Villagrán in the northwestern part of the State of Tamaulipas"" and shown on map as just southeast of Guadalupe (basis of coordinate), a town WNW of Garza Valdez"
"Mammuthus primigenius","","",47.483334,-117.566666,"Washington","Spokane","""a mile southwest of Cheney... on a hillside"""
"Mammuthus primigenius","","",39.616669,-87.699997,"Illinois","Edgar","""about eight miles southwest of Paris"""
"Mammuthus primigenius","","",40.049999,-111.73333,"Utah","Utah","""gravel pits two and one half miles east of Payson"""
"Mammuthus primigenius","","",42.516666,-83.616669,"Michigan","Oakland","""about one and a half miles north of New Hudson"" (basis of coordinate)"
"Mammuthus meridionalis","","",41.329166,44.195,"","","""POSITION: the village Patara Dmanisi (Dmanisi's region), in the confluence of rivers Mashavera and Pinezauri, 65 km south-westwards from Tbilisi, Eastern Georgia."" (pg. 152). Coordinates are for town of Dmanisi.\r\n""excavations total approximately 150 m2"" but the hominids are from Site 1, which is 16 m2 (Gabunia et al. 2000)"
"Mammuthus","","",32.25,-109.833336,"Arizona","Cochise","""Wilcox Playa in Sulfur Springs Valley"" (coordinate based on Wilcox)"
"Mammuthus meridionalis","","",40.279999,69.631668,"","",""
"Mammuthus meridionalis","","",52.159721,59.726944,"","","Chkalov Oblast', Kvarkeno mine, Aydyrlya placer, 18 km to the southwest of Baytuk station, Orenburg railroad, and 20 km to the west of Aydyrlya station on the same railroad. The site is 2 km from the village of Kvarkeno."
"Mammuthus meridionalis","","",45.718056,42.90361,"","","north of Stavropol'-Kavkazekeiy [=Voroshilovsk]"
"Mammuthus meridionalis","","",43.310001,45.670277,"Chechnya","","suburb of Groznyy"
"Mammuthus meridionalis","","",40.382778,49.607498,"","","Boz-Dage Range, village of Kara Sakhal, right bank of the Kura River"
"Mammuthus meridionalis","","",47.233334,39.715,"","","Sea of Azov coast between Rostov on the Don and Taganrog [Khopry, Morskaya, Volovaya ravine, etc.]"
"Mammuthus meridionalis","","",39.220001,25.414167,"","","Kizeterinki ravines, 4 km from Nakhichevan'"
"Mammuthus meridionalis","","",47.121666,37.627499,"Donetsk","","Samara ravine, 12 km from Mariupol' on the shore of the Sea of Azov, including gravel quarry of Azovstal\r\n"
"Mammuthus meridionalis","","",47.081669,37.674999,"","","Village of Lyapino, 6 km from Mariupol', quarry on the shore of teh Sea of Azov"
"Mammuthus meridionalis","","",37.416668,-3.166667,"Granada","","""Cuenca de Guadix, Granada, Spain"" (coordinate based on Fonelas)"
"Mammuthus primigenius","","",52.930557,1.2975,"England","Norfolk",""
"Mammuthus meridionalis","","",51.963333,1.351389,"England","Suffolk","Cliff e. of Spa Pavillion, 638346 behind Cliff House & Council Pit, 295349"
"Mammuthus meridionalis","","",52.729168,1.346389,"England","Norfolk",""
"Mammuthus","","",29.883333,-82.883331,"Florida","Gilchrist","""from the bottom of the Santa Fe River [basis of coordinate]... In a pothole"""
"Mammuthus","","",44.533333,-122.900002,"Oregon","Linn","""about three miles outside of Lebanon [basis of coordinate]"" in a rancher's ""spring... in a very slight swale-like depression... in the bottom of a hole eight by six feet along the two axes"""
"Mammuthus columbi","","",31.343889,-109.957222,"Arizona","Cochise","""in an arroyo eroded by Greenbush Creek one mile northwest of Naco... R23E, T24S, S13, NE1/4... the bones were scattered over and area of approximately 7 meters east-west by 4 meters north-south"" (coordinate based on Greenbush Draw)"
"Mammuthus columbi","","",44.033333,-107.866669,"Wyoming","Washakie","""in the Bighorn Basin... a few kilometers east of the Bighorn River""; this coordinate places the locality on the Banjo Flats West or Neiber USGS topo map and therefore in Washakie County"
"Mammuthus","","",29.583332,-98.400002,"Texas","Bexar","""northern Bexar County... The main chamber... is about 60 feet long and 30 feet in maximum width"" (coordinate based on Friesenhan Park)"
"Mammuthus","","",-32.960178,18.109268,"Cape","","E Quarry, Langebaanweg, Cape Province"
"Mammuthus","","",66.252502,-166.088058,"Alaska","","Seward Peninsula"
"Mammuthus columbi","","",32.365555,-87.303329,"Alabama","Dallas","near Bogue Chitto"
"Mammuthus","","",37.766666,-97.400002,"Kansas","Sedgwick","""Sec. 23, T26S, R1W"""
"Mammuthus","","",37.633331,-97.400002,"Kansas","Sedgwick","""Sec. 11, T28S, R1W"""
"Mammuthus","","",37.733334,-97.416664,"Kansas","Sedgwick","""Sec. 3, T27S, R1W"""
"Mammuthus","","",37.733334,-97.400002,"Kansas","Sedgwick","""Sec. 2, T27S, R1W"""
"Mammuthus columbi","","",30.566668,-96.416664,"Texas","Brazos","edentates specimens are from two localities ""over a quarter mile"" apart near the Pitts Bridge ""on the Brazos County side of the [Brazos] river,"" which is ""about eight miles south and west of Bryan"" and therefore possibly the same as Jones Bridge (basis of coordinate), the only bridge now in this area"
"Mammuthus columbi","","",30.566668,-96.416664,"Texas","Brazos","edentates specimens are from two localities ""over a quarter mile"" apart near the Pitts Bridge ""on the Brazos County side of the [Brazos] river,"" which is ""about eight miles south and west of Bryan"" and therefore possibly the same as Jones Bridge (basis of coordinate), the only bridge now in this area"
"Mammuthus","","",36.566666,-110.650002,"Arizona","Navajo","""from the side of a stabilized sand dune"""
"Mammuthus","","",34.266666,-109.333336,"Arizona","Apache","""sections 2, 11, and 12, T10N, R28E"""
"Mammuthus","","",27.683332,-110.616669,"Sonora","","""16 km west and north"" of Tesopaco according to ""Gentry's field notes"" but actually ""about 10 km west"" in the Rio Yaqui drainage (basis of coordinate)"
"Mammuthus","","",33.762501,-118.293335,"California","Los Angles",""
"Mammuthus columbi","","",11.78644,-86.51664,"","","base of a sea cliff"
"Mammuthus columbi","","",11.45666,-85.902992,"","",""
"Mammuthus","","",37.75222,-89.874443,"Missouri","Perry","""in a gravel bar of an intermittent stream... approximately one kilometer from the only known entrance to the cave""\ntwo felid specimens were found ""approximately 65 meters"" apart"
"Mammuthus columbi","","",36.983334,-100.333336,"Oklahoma","Beaver","""on the XI Ranch... in sec. 15, T.6 N., R. 25 E."" (Lunk 1952)"
"Mammuthus columbi","","",34.783333,-91.583336,"Arkansas","Prairie","""Interstate Highway 40/State Highway 11 overpass about 2 mi northeast of Hazen"" (coordinate based on Hazen)\nthe ""remains were scattered over an area of at least 150 m2"""
"Mammuthus lamarmorae","1","1",41.783333,15.45,"Foggia","","locality in the area between Poggio Imperiale, Apricena and San Nazario"
"Mammuthus exilis","1","1",34.034168,-120.046669,"California","","Santa Rosa Island"
"Mammuthus primigenius","","",54.599998,-6.233889,"Northern Ireland","Antrim",""
"Mammuthus primigenius","","",57.177502,-170.344727,"Alaska","St. Paul Island","The cave is said to be in the ""central highlands"" of the island. Coordinates are approximate."
"Mammuthus","","",23.048889,120.407219,"Tainan","","Situated about 20 km east of Tainan; northeast flank of the Napalin anticline"
"Mammuthus columbi","","",32.714722,-96.707497,"Texas","Dallas",""
"Mammuthus","","",34.883331,-106.883331,"New Mexico","Bernalillo","""8 miles west of Isleta, Bernalillo County, New Mexico, N1/2sec. 31, T. 8 N., R. 1 E., N.M.P.M"" in a ""cave chamber measuring some 20 meters in its greatest dimension north to south... Isleta 2, about a quarter mile south of Isleta 1 is a flask-shaped chamber, averaging 25 feet in diameter"""
"Mammuthus","","",30.265278,-98.255836,"Texas","Travis","from the larger of two excavations areas ""at 301 Congress Avenue in the main business district of Austin"""
"Mammuthus primigenius","1","1",54.849998,-5.835278,"Northern Ireland","Antrim","coordinates are estimated"
"Mammuthus","","",44.983334,-108.199997,"Wyoming","Big Horn","""NW 1/4, SE 1/4, sec #28, T58N, R94W... a 26 m deep sinkhole"" with a ""4.6 m-diameter"" at an elevation of 1300 m according to Wang and Martin 1993 (but NW 1/4 SW 1/4 at an elevation of 1510 m according to Martin et al. 1977)"
"Mammuthus columbi","","",44.633331,-112.583336,"Montana","Beaverhead","coordinate based on Lima"
"Mammuthus columbi","","",32.116669,-103.199997,"New Mexico","Lea","""south of Jal"" (basis of coordinate)"
"Mammuthus","","",40.916668,-122.23333,"California","Shasta","""on the east bank of the McCould River and about sixteen miles above its mouth"" (coordinate based on Samwell Cave) with the main fossiliferous deposit being found in ""a vertical fissure about thirty feet high"" that ""extends twenty feet"" and ""slopes down to the floor of the main chamber"""
"Mammuthus columbi","","",43.333332,-120.5,"Oregon","Lake","""in south-central Oregon in longitude 120º 30' West and latitude of 43º 20' North"" (consistent with GNIS data)"
"Mammuthus","","",40.458332,-111.916664,"Utah","Salt Lake","""SW1/4, NE1/4, Sec. 23, T4S, R1W... at 111º55'W longitude, 40º27'30""N latitude"""
"Mammuthus columbi","","",31.416668,-110.116669,"Arizona","Cochise","""T23S, R22E, Sec. 21, n1/2 nw1/4 nw1/4 nw1/4... 0.4 miles west of the present channel of the San Pedro River, on a small tributary entrenched by arroyo cutting... the area... was about 11 m. back into the bank and 17 m. along the face"""
"Mammuthus columbi","","",43.433334,-103.466667,"South Dakota","Fall River","within the town of Hot Springs (basis of coordinate)"
"Mammuthus primigenius","","",65.349998,-151.0,"Alaska","","""along the Porcupine River in northeastern Alaska... in the Lower Rampart region"" apparently close to ""Rampart canyon... 25 m above a scoured late-Pleistocene coulee, and ca. 45 m above the base level of the Porcupine River"" (coordinate based on Rampart Gorge)"
"Mammuthus","","",69.683334,-154.899994,"Alaska","","""from a point bar on the Ikpikpuk River, Alaska (69º41'N, 154º54'W)"""
"Mammuthus","","",35.258331,-106.400002,"New Mexico","Sandoval","""35º15'30""N, 106º24'W... [a] natural solution tunnel 138 meters long and 2 to 4 meters in diameter [in] the Magdalena limestone of Pennsylvanian age. The mouth is in a nearly vertical cliff some 100 meters above the floor of Las Huertas Canyon in the Sandia Mountains"" (Haynes and Agogino 1986)"
"Mammuthus","","",35.258331,-106.400002,"New Mexico","Sandoval","""35º15'30""N, 106º24'W... [a] natural solution tunnel 138 meters long and 2 to 4 meters in diameter [in] the Magdalena limestone of Pennsylvanian age. The mouth is in a nearly vertical cliff some 100 meters above the floor of Las Huertas Canyon in the Sandia Mountains"" (Haynes and Agogino 1986)"
"Mammuthus","","",37.666668,-122.5,"California","San Mateo","""in a fresh roadcut near San Francisco on California State Highway No. 1 where it skirts the ocean shore at the 200 foot contour line due east of Mussel Rock"" (coordinate based on Mussel Rock)"
"Mammuthus columbi","1","1",43.559444,-93.988052,"Minnesota","Faribault","abutment of a bridge over a new dredge ditch that drains the area south of Blue Earth River, 8 miles SE of Blue Earth, 4 miles west of Frost"
"Mammuthus columbi","1","1",43.758888,-93.20639,"Minnesota","Freeborn","coordinates are for Hollandale"
"Mammuthus columbi","1","1",44.272221,-92.985558,"Minnesota","Goodhue",""
"Mammuthus columbi","1","1",44.566113,-92.536942,"Minnesota","Goodhue",""
"Mammuthus columbi","1","1",46.357224,-94.194443,"Minnesota","Crow Wing",""
"Mammuthus columbi","1","1",44.960278,-93.321114,"Minnesota","Hennepin",""
"Mammuthus columbi","1","1",44.726944,-92.853333,"Minnesota","Dakota",""
"Mammuthus columbi","1","1",43.586388,-93.926666,"Minnesota","Faribault",""
"Mammuthus columbi","1","1",44.943611,-93.093613,"Minnesota","Ramsey",""
"Mammuthus columbi","1","1",43.648609,-93.362503,"Minnesota","Freeborn",""
"Mammuthus columbi","1","1",44.31889,-95.948059,"Minnesota","Lyon",""
"Mammuthus columbi","1","1",44.640278,-93.143608,"Minnesota","Dakota",""
"Archidiskodon celebensis","8","8",-4.379722,119.96389,"Sulawesi","",""
"Archidiskodon celebensis","1","1",-4.383611,120.01667,"Sulawesi","",""
"Archidiskodon celebensis","","",-4.383611,120.01667,"Sulawesi","","250 m NE of FVL-5"
"Archidiskodon celebensis","14","14",-4.270833,120.0,"Sulawesi","","near Tjabenge (Sopeng district) about 100 km N.E. of Macassar in S. Celebes"
"Archidiskodon celebensis","","",-4.385556,120.0,"Sulawesi","",""
"Mammuthus primigenius","","",64.053329,-141.876663,"Alaska","","""near Mile 69 on the Taylor Highway (64º03.2'N, 141º52.6'W)... a sluice pond [is] directly upstream from the excavated area from which the fossils reported here were collected"""
"Mammuthus columbi","","",36.116669,-97.900002,"Oklahoma","Kingfisher",":""eight miles west"" of Hennessey (Cope 1894: coordinate based on Hennessey)"
"Mammuthus columbi","","",31.549999,-110.166664,"Arizona","Cochise","""northwest quarter of Section 1, T. 22 S., R. 21 E... on the north bank of Horsethief Draw... An area of 124 square meters was opened up"""
"Archidiskodon celebensis","1","1",-4.385833,120.04583,"Sulawesi","",""
"Archidiskodon celebensis","1","1",-4.368056,120.036392,"Sulawesi","",""
"Archidiskodon celebensis","","",-4.330556,120.03611,"Sulawesi","",""
"Archidiskodon celebensis","1","1",-4.389722,120.019997,"Sulawesi","",""
"Archidiskodon celebensis","","",-4.362222,120.0,"Sulawesi","",""
"Archidiskodon celebensis","","",-4.181944,120.016945,"Sulawesi","",""
"Mammuthus columbi","","",19.566668,-99.699997,"Mexico","","""about 2 kilometers southwest of Tepexpan and west northwest of the village of Santa Isabel Iztapan"" (coordinate based on Tepexpan)"
"Mammuthus","","",35.240002,24.809168,"Crete","",""
"Mammuthus lamarmorae","","",40.120834,9.0,"Sardinia","",""
"Mammuthus primigenius","","",33.733334,-118.200836,"California","Los Angeles","Banks of San Pedro Bay in Long Beach California"
"Mammuthus","","",36.900833,-82.080002,"Virginia","Russell","mouth of second order stream valley near north side base of Clinch Mountain"
"Mammuthus primigenius","","",41.74139,-92.726387,"Iowa","Poweshiek","Remains found within a half mile of Main St. and Fourth Ave.  20ft. below the surface."
"Mammuthus meridionalis","","",43.662498,10.771667,"","",""
"Mammuthus meridionalis","","",43.655556,10.740833,"","",""
"Mammuthus meridionalis","","",43.638058,10.688889,"","",""
"Mammuthus","","",43.577778,10.800833,"","",""
"Mammuthus meridionalis","","",43.582779,10.754444,"","",""
"Mammuthus meridionalis","","",43.550835,10.7225,"","",""
"Mammuthus","","",43.550835,10.7225,"","",""
"Mammuthus meridionalis","","",43.550835,10.7225,"","",""
"Mammuthus meridionalis","","",43.596943,10.603611,"","",""
"Mammuthus meridionalis","","",43.566944,10.590833,"","",""
"Mammuthus meridionalis","","",43.569168,10.508611,"","",""
"Mammuthus meridionalis","","",43.534721,10.491389,"","",""
"Mammuthus meridionalis","","",43.403332,10.7925,"","",""
"Mammuthus columbi","","",31.221111,-81.503891,"Georgia","Glynn",""
"Mammuthus","3","3",36.9575,-81.769165,"Virginia","Smyth",""
"Mammuthus primigenius","1","1",38.594723,-78.675552,"Virginia","Rockingham",""
"Mammuthus columbi","","",29.2075,-81.003334,"Florida","Volusia","20 miles south of St. Augustine"
"Mammuthus","","",37.097298,-81.336098,"Virginia","Alleghany",""
"Mammuthus primigenius","","",36.9575,-81.769165,"Virginia","Smyth",""
"Mammuthus","","",38.713333,-77.79528,"Virginia","Fauquier",""
"Mammuthus primigenius","","",70.583336,-128.169449,"Northwest Territories","",""
"Mammuthus primigenius","","",51.984165,4.070278,"","","shipping lane gully in front of Rotterdam harbor"
"Mammuthus","1","1",42.133331,-67.5,"Maine","",""
"Mammuthus","1","1",41.916668,-67.5,"Massachusetts","",""
"Mammuthus","1","1",41.25,-67.5,"Massachusetts","",""
"Mammuthus","1","1",39.866669,-73.966667,"New Jersey","",""
"Mammuthus","1","1",39.583332,-72.666664,"New Jersey","",""
"Mammuthus","1","1",37.5,-75.75,"Virginia","",""
"Mammuthus","1","1",37.0,-75.0,"Virginia","","coordinates are approximate"
"Mammuthus","1","1",37.0,-75.716667,"Virginia","","coordinates are approximate"
"Mammuthus","1","1",36.849998,-75.033333,"Virginia","",""
"Mammuthus","2","2",36.766666,-74.75,"Virginia","","coordinates are approximate"
"Mammuthus primigenius","","",55.0,3.0,"","",""
"Mammuthus columbi","1","1",53.0,-122.5,"British Columbia","","Bullion Mine, Cariboo District"
"Mammuthus columbi","1","1",50.846111,-119.629723,"British Columbia","","Between Squilax and Chum Lake, on the east side of Chum Creek"
"Mammuthus columbi","1","1",48.601665,-123.347221,"British Columbia","","cliff on James Island"
"Mammuthus columbi","1","1",48.458611,-123.294724,"British Columbia","",""
"Mammuthus columbi","1","1",48.472778,-123.291115,"British Columbia","",""
"Mammuthus columbi","1","1",48.456669,-123.326111,"British Columbia","",""
"Mammuthus columbi","1","1",50.946388,-119.258614,"British Columbia","",""
"Mammuthus columbi","1","1",48.116943,-122.760559,"Washington","Jefferson",""
"Mammuthus primigenius","1","1",53.0,-122.5,"British Columbia","","Bullion Mine, Cariboo District"
"Mammuthus primigenius","2","2",64.837776,-147.716385,"Alaska","",""
"Mammuthus primigenius","2","2",64.05278,-139.425003,"Yukon","",""
"Mammuthus columbi","1","1",48.601665,-123.347221,"British Columbia","","cliff on James Island"
"Mammuthus columbi","","",37.683334,-113.633331,"Utah","Iron","""section 3, T.36 S., R.16W.... two miles southeast of Beryl Junction in a gravel pit owned by Robert Holt"""
"Mammuthus columbi","","",36.9575,-81.769165,"Virginia","Smyth",""
"Mammuthus primigenius","","",51.958057,4.053056,"","","down-stream from Rotterdam towards the Hook of Holland"
"Mammuthus meridionalis","","",51.958057,4.053056,"","","down-stream from Rotterdam towards the Hook of Holland"
"Mammuthus","","",-33.116699,18.233299,"","",""
"Mammuthus","","",-32.966702,18.15,"","",""
"Mammuthus","","",40.269722,-80.566109,"West Virginia","Brooke","""Sandpit located 1/4 mile north of the city limits of Follansbee and 3/4 mile east of the Ohio River"""
"Mammuthus primigenius","","",50.466999,-3.503,"","","Torquay, south Devon"
"Mammuthus primigenius","","",39.950001,-75.166664,"Pennsylvania","Philadelphia","""on a golf course near Philadelphia"" (basis of coordinate)"
"Mammuthus columbi","","",39.644169,-77.585556,"Maryland","Washington",""
"Mammuthus columbi","","",38.681946,-76.138885,"Maryland","Talbot",""
"Mammuthus primigenius","","",50.998001,4.373,"","","Excavations for the new sluice at Zemst on the Brussells-Rupel Canal"
"Mammuthus primigenius","1","1",42.077621,-4.4828,"","","northern Spain"
"Mammuthus columbi","","",25.700001,-80.400002,"Florida","Dade","Perrine 7.5' Quadrangle, NE1/4 of NW1/4 of section 35, T.55S., R.40E."
"Mammuthus","","",27.799999,-82.699997,"Florida","Pinellas","along banks of Joe's Creek in sections 5 and 6, T.30S., R.16E., St. Petersburg 7.5' Quadrangle"
"Mammuthus columbi","","",28.083332,-80.599998,"Florida","Brevard","""on property owned by"" Singleton ""at Melbourne"" (basis of coordinate)"
"Mammuthus columbi","","",28.083332,-80.599998,"Florida","Brevard","""on property owned by"" Singleton ""at Melbourne"" (basis of coordinate)"
"Mammuthus columbi","","",29.950001,-82.788002,"Florida","Columbia","T.6S., R.15E. in Hildreth 7.5' Quadrangle"
"Mammuthus columbi","","",27.17,-81.900002,"Florida","De Soto","Nocatee Quadrangle, T.38S., R.24E., NW1/4 of SE1/4 of Section 15; about 1 mile northwest of Nocatee; Note that in Hulbert et al. (2009) the locality is mistakenly stated to be in section 21, and its name is incorrectly given as Peace River 5A"
"Mammuthus","","",29.85,-82.599998,"Florida","Alachua","High Springs 7.5' Quadrangle; SW1/4 of section 27, T.7S., R.17E."
"Mammuthus columbi","","",26.700001,-80.166664,"Florida","Palm Beach",""
"Mammuthus primigenius","","",40.784,-122.281998,"California","Shasta","Section 23, T. 34 N., R. 4 W., O'Brien 7.5' Quadrange.  North of Potter Creek"
"Mammuthus columbi","","",28.126944,-97.427498,"Texas","San Patricio","The locality is described as being about 1 mile north of the bridge on which the St. Louis & Brownsville Railroad crosses the Aransas. It is also about 20 miles southwest of Refugio. Nearer is a town named Sinton, and for convenience the collection will be spoken of as from Sinton."
"Mammuthus primigenius","","",19.910633,-99.140083,"México","","Tequixquiac, N edge of Valley of México, N of the city of México and town of Zimpango (Zumpango), E of Nochistongo forgo"
"Mammuthus primigenius","1","1",70.415001,152.309998,"Sakha","",""
"Mammuthus","","",36.916,-121.818001,"California","Santa Cruz","Quarry on nearby Buena Vista Drive where the county landfill is today."
"Mammuthus primigenius","","",66.654999,-162.130005,"Alaska","","Coastal bluffs of the Baldwin Peninsula, 35 km southeast of Kotzebue and about 10 km north of the Arctic Circle."
"Mammuthus primigenius","1","1",42.50528,-88.030281,"Wisconsin","Kenosha",""
"Mammuthus primigenius","1","1",42.50528,-88.030281,"Wisconsin","Kenosha",""
"Mammuthus primigenius","1","1",42.50528,-88.030281,"Wisconsin","Kenosha",""
"Mammuthus primigenius","1","1",42.50528,-88.030281,"Wisconsin","Kenosha",""
"Mammuthus exilis","","",34.005554,-120.193054,"California","Santa Barbara","Santa Rosa Island, NW coast, 300-500 yards inland and about 20 yards back from the edge of the Garanon wave-cut platform"
"Mammuthus primigenius","","",52.009998,3.87,"","","Fragment fished from North Sea"
"Mammuthus meridionalis","","",39.028889,26.191389,"Lesvos","","It was called after the names (Daniela and Sandra) of the ones who found the site. It has been excavated in the autumn of 2000. From this site sixty fossils were collected, belonging to one bird and at least ten different mammalian species (from Lyras and van der Geer, 2007)"
"Mammuthus meridionalis","","",39.033054,26.188889,"Lesvos","","Named from Unknown (Lyras and van der Geer, 2007)"
"Mammuthus columbi","1","1",37.38361,-121.937225,"California","Santa Clara","""bottom of the Guadalupe River just downstream from the San Jose International Airport and the West Trimble Road overpass, on land managed by the Santa Clara Valley Water District\r\n(SCVWD)"""
"Mammuthus","1","1",37.380001,-121.985001,"California","Santa Clara","about 100 m northwest of the intersection of Oakmead Parkway and Lakeside Drive, and southeast of the I-101 and Lawrence Expressway interchange in Sunnyvale, CA"
"Mammuthus columbi","","",37.421112,-122.013885,"California","Santa Clara",""
"Mammuthus meridionalis","1","1",54.0,86.0,"Siberia","","Bachatsk Quarry in the Kuznetsk Basin, Sagarlyk Formation."
"Mammuthus","1","1",42.883331,12.4,"","","The site of Pantalla is located about 30 km south of Perugia, in the southwestern branch of the Tiber Basin, a wide extensional continental basin that was filled mainly by clastic (lacustrine, palustrine, and fluvial) deposits since the Late Pliocene (Basilici, 1997)."
"Mammuthus","1","1",43.675556,10.749444,"","","The town of Montopoli Val d’Arno is located in Tuscany (central Italy), about 27 km east-southeast of Pisa and 40 km west-southwest of Florence. Most of the Montopoli collection comes from excavations made by Forsyth Major in 1880 and was found in gravelly sands alternating with\r\nmarine littoral deposits."
"Mammuthus columbi","","",14.9989,-89.707802," Zacapa","Estanzuela",""
"Mammuthus columbi","","",14.9897,-89.697502," Zacapa","Teculután",""
"Mammuthus columbi","","",16.531401,-90.189201,"El Petén","Sayaxché",""
"Mammuthus columbi","","",14.7,-90.499397,"Guatemala"," Chinautla","The location was reported as 14.0700N in the reference article.  This appear to be a typographical error, that should in fact read 14.7000N in order to align with the description of Chinautla, Depertmento Guatemala."
"Mammuthus meridionalis","","",51.583687,3.479655,"","",""
"Mammuthus meridionalis","","",51.628677,3.742984,"","",""
"Mammuthus primigenius","","",51.628677,3.742984,"","",""
"Mammuthus primigenius","","",51.583687,3.479655,"","",""
"Mammuthus","1","1",34.32,109.040001,"Shaanxi","","The northern bank of the Wei River, Shang- madu, Gaoling County, Xi’an City, Shaanxi Province, China, with an altitude of 400 m (34°32′N, 109°04′E)."
"Mammuthus primigenius","1","1",74.111702,140.6642,"","",""
"Mammuthus primigenius","1","1",65.0,130.0,"","",""
"Mammuthus columbi","1","1",32.529999,-110.559998,"Arizona","","The Cerros Negros locality (UALP A 65) is in Pinal County, Arizona (Fig. 1; 32.53°N, 110.56°W)"
"Mammuthus primigenius","","",49.341202,-113.144501,"Alberta","",""
"Mammuthus columbi","","",18.195557,-97.67083,"Santiago Chazumba","Oaxaca",""
"Mammuthus columbi","","",18.195557,-97.67083,"Santiago chazumba","Oaxaca","17 m north of Chazumba I."
"Mammuthus columbi","","",20.050833,-98.623055,"Hidalgo","",""
"Mammuthus columbi","","",20.016666,-98.333336,"Hidalgo","",""
"Mammuthus columbi","","",20.0,-98.633057,"Hidalgo","",""
"Mammuthus columbi","","",31.099443,-97.340836,"Texas","Bell",""
"Mammuthus columbi","","",42.700001,-102.5,"Nebraska","Sheridan","'During the Exploring Expedition of the last year in Nebraska, under the command of Lieut. G. K. Warren, the Geologist of the Expedition, Dr. F. V. Hayden collected a number of remains of mammals and turtles, from a deposit, in the valley of the Niobrara River (Swift-running-water; L'eau-qui-court), which he suspects to be of pliocene age. The collection is an exceedingly in- teresting and important one; and the anatomical characters of the specimens support the opinion of their discoverer, that the formation, from which they were obtained, belongs to the later tertiary period."
"Mammuthus columbi","","",14.477778,-87.650002,"","","The late Pleistocene Orillas del Humuya locality is exposed at an elevation of about 600 m in the cutbank of the Rio Humuya , 3 km south of the bridge for th e Carretera N acional north of the city of Comay agua, in the cent ral graben of Honduras (Fig. 1)."
"Mammuthus primigenius","","",34.5,-101.300003,"Texas","Briscoe",""
"Mammuthus columbi","2","2",38.536945,-121.851669,"California","Yolo","on private land upstream from Stevenson Bridge along the north bank of Putah Creek"
"Mammuthus","","",30.026667,-95.845833,"Texas","Harris","Cypress Creek on the Gulf Coastal Plain near Hockley, Texas"
"Mammuthus columbi","","",13.783333,-89.166664,"","Apopa","""at the margins of the Rio Tomayate, in Apopa Municipality... 12 km north from San Salvador... The outcrop is located approximately 3 km north from the Apopa-Quezaltepeque highway bridge over the river... The entire fossiliferous package has a lateral extent of about 50 m on both banks of the river"""
"Mammuthus columbi","","",14.133333,-89.366669,"Chalatenango","Laguna Seca",""
"Mammuthus primigenius","","",51.967999,1.185,"Suffolk","",""
"Mammuthus","","",33.785294,-118.324791,"California","Los Angeles",""
"Mammuthus primigenius","2","2",47.729931,18.674549,"Barany","","The locality is situated in a village quarry in a gully on the northern slope of Nagyberek Hill, on the western outskirts of the village of Tokod. Co-ordinates based on the village of Tokod."
